"","Age","Noeuds","Peche","Sexe"
"1",0,1,34.6699639363751,1
"2",1,3,-19.8219851981629,0
"3",0,0,104.709812897309,1
"4",1,0,93.4745938415699,1
"5",1,6,-6.83127170816754,0
"6",0,0,84.2444030961096,1
"7",1,1,53.1929916679358,1
"8",0,3,9.12791756908016,1
"9",2,0,129.838231513515,0
"10",1,1,36.4276085023293,0
"11",1,3,24.7514245852297,1
"12",0,1,44.7170788808237,0
"13",0,1,72.4782279974541,1
"14",0,1,17.6713833490984,0
"15",2,4,-6.42729864910569,0
"16",1,1,24.1039409822727,0
"17",1,3,-11.8807365508732,1
"18",1,3,30.1970029584022,1
"19",0,2,29.116767063006,0
"20",1,3,26.3029580029461,0
"21",2,3,27.5209962511726,1
"22",2,2,14.7564108148754,1
"23",1,3,28.1076318081895,1
"24",1,3,52.1863079514895,0
"25",0,3,27.7142146418907,1
"26",1,3,24.0088641498383,0
"27",0,1,56.3643428642859,1
"28",1,3,34.8337418917027,0
"29",0,2,39.6557003648921,1
"30",0,2,50.7593448867932,1
"31",2,0,96.6740007355048,1
"32",0,4,53.6264232142677,1
"33",2,2,2.97435777601084,0
"34",2,3,29.4903490871859,1
"35",1,2,45.8578766155451,0
"36",2,2,40.0787354323392,1
"37",1,1,47.9738104464322,0
"38",0,0,101.998316494319,0
"39",2,1,72.8335303749947,1
"40",0,1,69.2743795347797,0
"41",2,1,39.7999846267172,0
"42",0,2,-11.9651832108989,0
"43",0,1,71.6079408453721,0
"44",2,1,29.7142166164355,0
"45",0,0,88.8963742058685,1
"46",1,3,52.4781824177215,1
"47",2,0,95.8172879630267,0
"48",2,1,33.5319200191313,0
"49",0,4,9.73903980593183,0
"50",0,1,54.0917666594932,1
"51",1,0,78.8774697572093,0
"52",0,3,59.3480155031559,1
"53",0,2,39.1579023967824,0
"54",1,1,47.727171327122,1
"55",1,3,31.6908950376025,0
"56",1,4,19.2880279630016,1
"57",1,3,22.2982681249248,0
"58",2,0,78.0668164507391,0
"59",1,2,10.4367249295581,0
"60",1,0,108.348589262493,0
"61",0,0,119.996071110447,0
"62",1,1,49.1363937323971,1
"63",1,2,38.2784511267028,1
"64",1,3,63.7855507357569,1
"65",0,2,37.0893614035969,1
"66",1,0,127.598909652888,1
"67",1,4,32.021115460951,0
"68",0,1,67.1616124592449,1
"69",0,2,65.1808984963374,0
"70",2,3,-3.42868597363553,0
"71",2,0,120.737923364571,0
"72",1,3,27.920379309565,0
"73",0,4,54.0239671861618,0
"74",0,1,89.79210981192,1
"75",1,3,70.0967229860131,0
"76",1,3,22.4134841934608,1
"77",0,0,91.2372606223143,0
"78",0,1,29.2528965047652,0
"79",0,0,116.571909925504,0
"80",1,5,59.6249867720027,0
"81",2,1,75.5166476834316,1
"82",0,1,87.545320532959,1
"83",0,3,62.8654167748642,1
"84",1,1,-10.3317964508909,1
"85",0,1,29.2127243241562,1
"86",2,0,75.8652361132258,0
"87",0,1,66.4923612596082,0
"88",2,1,61.2660034851622,0
"89",1,0,96.7273128256964,1
"90",2,0,103.606020527929,0
"91",2,2,31.227888267713,0
"92",0,1,68.9670312835196,0
"93",0,0,94.0335861064631,1
"94",1,1,46.26920941035,0
"95",2,2,62.8229845272493,1
"96",0,0,91.0506640591293,0
"97",1,1,43.3524555893236,0
"98",1,4,36.8162421962075,0
"99",1,2,23.2537247165055,1
"100",1,0,66.8508383235617,1
"101",1,1,70.5942621982758,0
"102",1,2,5.59336937377428,0
"103",1,2,41.4814027440032,0
"104",1,2,50.2063191228862,0
"105",0,1,49.67149007772,0
"106",0,0,97.8425128739444,1
"107",1,3,46.8465840667957,1
"108",1,2,65.0324305675043,0
"109",2,5,36.3689674185651,0
"110",1,2,26.0238336888303,1
"111",2,0,88.1335830270356,1
"112",1,1,52.0156020712972,1
"113",1,3,14.2785279809896,1
"114",0,2,-5.11697247928148,0
"115",1,2,74.2250946533587,0
"116",0,1,24.6698684018346,0
"117",0,1,24.1383132363075,0
"118",1,0,112.371447468414,1
"119",0,0,98.1744230342808,1
"120",0,2,35.4341613173637,0
"121",2,3,12.9285188379544,0
"122",0,2,52.1237329784048,0
"123",2,3,7.80665899834495,1
"124",2,5,-10.2598382285584,1
"125",0,2,33.239681940761,0
"126",2,1,52.5406890077758,1
"127",0,1,57.4860781980913,0
"128",0,5,44.1470422067446,0
"129",0,2,53.7821896117274,0
"130",0,3,44.8875761179707,1
"131",2,0,103.994043120338,0
"132",2,1,58.4203272915143,1
"133",2,0,104.713409311711,0
"134",1,0,78.3177292043871,0
"135",2,1,80.9464593657925,0
"136",1,3,-10.914941409103,0
"137",2,0,103.05666199488,1
"138",1,0,89.7861591259662,0
"139",2,2,50.6673869592162,1
"140",0,2,41.8221252729767,0
"141",0,2,66.9439199027093,1
"142",2,1,24.4827200801168,1
"143",1,2,62.2964110204842,0
"144",0,2,56.4022394418563,1
"145",2,1,68.1559966386136,0
"146",1,2,29.7319919836412,0
"147",2,1,32.9495310153894,0
"148",0,2,39.9490168870719,1
"149",2,1,31.8698024419385,1
"150",0,2,29.4761657914993,0
"151",2,2,39.1014553941385,0
"152",2,1,57.5963868026601,0
"153",0,1,44.2143854459886,0
"154",0,2,49.2396758898511,0
"155",0,2,41.7063267657941,0
"156",0,0,106.742596990457,0
"157",0,0,88.872627479606,0
"158",0,1,43.5595360254128,0
"159",0,4,14.9414624789829,0
"160",2,1,66.9346254180949,1
"161",0,2,-20.6085947392805,1
"162",2,1,26.2176598152402,1
"163",0,3,23.1490447668054,0
"164",1,6,20.0381190928449,0
"165",0,1,59.7682017216849,0
"166",0,1,64.0282792631175,0
"167",1,0,87.9176149276601,1
"168",1,3,21.3257773961768,0
"169",1,0,79.3165593511814,1
"170",0,2,33.2123158847933,0
"171",0,1,50.904774305087,1
"172",2,1,32.7414709579298,0
"173",0,1,68.8981908174615,1
"174",1,2,33.1332387388909,1
"175",0,4,16.4045582485647,1
"176",2,3,-3.8524286334478,1
"177",0,0,102.831137019971,1
"178",2,0,65.6686945240533,0
"179",1,1,62.0087227360408,0
"180",1,4,-6.27767504359043,1
"181",0,3,22.2147409958348,1
"182",0,2,37.362370802731,0
"183",1,1,32.532768246507,0
"184",2,1,43.3129743028436,0
"185",0,1,30.0922590757402,0
"186",2,3,19.9242304256909,1
"187",0,1,69.3311103965917,1
"188",0,5,8.03001559394629,0
"189",2,2,10.9909143087223,0
"190",1,1,96.0258194749655,0
"191",0,1,57.5343304571605,1
"192",1,5,-21.0261182876968,0
"193",0,0,87.6799530507634,1
"194",2,1,78.1628967561186,0
"195",1,1,12.2338630548236,0
"196",0,1,66.8356524390763,0
"197",0,3,4.23846127918084,0
"198",2,1,62.7870129645797,1
"199",1,1,36.1612869808954,0
"200",0,1,56.0636237890893,0
"201",2,0,65.463165597773,0
"202",2,0,98.757380624572,1
"203",0,2,64.0996482671023,0
"204",0,0,101.902106657065,1
"205",0,3,5.12658523985454,1
"206",1,5,27.9561621165927,1
"207",0,1,30.7716582827837,0
"208",0,0,71.2485750893451,1
"209",2,1,78.8468528190824,0
"210",0,2,13.9378347002287,1
"211",0,1,31.8883503725934,0
"212",0,0,93.5929701988332,0
"213",2,0,88.0014520404986,0
"214",1,4,33.3424335267911,1
"215",0,2,54.5198457191718,0
"216",1,2,15.6579367437197,0
"217",0,1,55.3785795336195,0
"218",2,3,9.36999976829894,0
"219",0,1,52.6867130380323,0
"220",0,1,75.1142223473515,0
"221",1,3,45.4178231068504,0
"222",2,1,21.9161836169357,1
"223",0,2,59.6716328347086,0
"224",0,2,42.5420074621083,0
"225",0,1,26.302511825496,0
"226",2,2,12.0731740354541,0
"227",0,2,29.0491580445845,0
"228",0,3,-14.522492253757,1
"229",0,3,38.1035678412252,1
"230",1,2,56.379678728726,0
"231",1,0,101.078509780858,0
"232",0,1,57.8913123997812,0
"233",2,1,46.4888784179547,1
"234",1,1,36.7246786041395,1
"235",1,4,21.9756521856795,0
"236",0,3,-7.47922062224045,1
"237",2,1,30.6065054856885,0
"238",0,1,51.3710481060108,0
"239",1,2,27.5967706055303,1
"240",1,0,112.589290149396,1
"241",0,0,72.6368803048824,0
"242",2,0,154.538101200901,1
"243",2,1,30.1997369438977,1
"244",0,0,98.7281187527226,0
"245",0,3,-11.505536824404,0
"246",2,1,66.6155437401931,0
"247",2,0,110.878365037516,1
"248",2,1,26.7844287590251,0
"249",1,1,53.8238228989041,0
"250",0,2,18.3729184234186,0
"251",1,3,53.3595889568213,1
"252",2,2,22.714818840386,1
"253",1,1,12.2937947065641,0
"254",0,5,2.64337169686906,0
"255",0,0,98.2631764220245,0
"256",1,1,41.2097388037196,0
"257",2,1,70.4342515504057,0
"258",2,1,51.4150723743825,0
"259",0,3,-20.9338606502789,0
"260",0,0,106.642271379782,0
"261",1,1,30.9362912175775,0
"262",1,3,39.2631982641955,0
"263",2,2,15.3787221266845,0
"264",0,3,0.481370033259861,0
"265",2,1,71.0660873902774,0
"266",2,0,112.599326520608,0
"267",1,3,38.7250313871416,0
"268",0,3,25.9534676773808,0
"269",0,3,32.8427722539974,0
"270",2,3,5.57601596721416,0
"271",1,1,16.3615503952185,0
"272",1,3,71.7310667437531,0
"273",0,3,8.84985691670755,1
"274",0,4,-4.76355291056712,0
"275",2,1,81.5253531164773,0
"276",1,1,39.2981300457965,1
"277",2,2,25.0485476930818,0
"278",0,0,91.4575618440345,1
"279",0,0,112.32717830831,1
"280",0,0,83.9025131224922,0
"281",0,3,3.45210010368918,0
"282",1,5,48.5053205471253,1
"283",1,2,-0.591136096984407,1
"284",1,1,36.5177510866118,0
"285",0,1,4.94856301945674,1
"286",0,2,59.6315370436506,0
"287",0,1,53.2497028193199,0
"288",2,3,0.435917996006015,1
"289",1,1,38.4915297260033,0
"290",0,0,76.427293779923,1
"291",0,3,-0.731835339167148,0
"292",1,2,62.6603302646835,0
"293",0,2,27.0766599935039,1
"294",2,2,51.897781861475,0
"295",0,0,141.035876471986,1
"296",1,1,36.8855684622425,0
"297",1,3,41.5584170539974,1
"298",0,3,58.8974738155229,0
"299",2,1,59.3748789833733,1
"300",1,0,121.057176080431,1
"301",0,2,44.9591360221752,1
"302",0,0,146.27473463158,0
"303",0,2,4.13464164994912,0
"304",0,2,20.9144865683275,0
"305",2,1,79.0992197446346,0
"306",1,0,133.599108237516,0
"307",0,3,14.0140463515727,1
"308",1,0,124.210231885285,0
"309",2,1,50.4389808258709,0
"310",0,1,34.4867089019794,1
"311",1,0,89.8013951843399,1
"312",0,3,2.84207784471109,0
"313",2,0,89.5266238194764,0
"314",1,3,66.6872290713155,0
"315",0,5,15.6723459420983,1
"316",0,3,8.57008951969284,0
"317",0,3,54.7634176549575,1
"318",2,1,59.8215311382118,0
"319",0,0,113.603015643784,1
"320",2,3,-22.5442822729841,1
"321",0,2,38.8696585593786,1
"322",0,1,52.6465189490114,0
"323",1,3,21.1704435643306,0
"324",0,3,17.3128802786956,0
"325",2,3,38.2507048382956,0
"326",1,0,112.735509543872,1
"327",1,0,104.967000524206,1
"328",0,2,26.3563448491584,1
"329",1,1,82.1965881078777,0
"330",0,5,37.7074035108631,0
"331",0,6,3.62224855255665,1
"332",1,1,36.1445783189925,1
"333",0,2,18.0381127407248,0
"334",2,2,26.361813634073,0
"335",0,0,116.919586242416,0
"336",1,1,101.348545236645,0
"337",2,4,13.7781525263745,0
"338",0,2,43.5739141869294,1
"339",0,2,30.792456908943,0
"340",0,1,56.1936859219716,1
"341",2,0,103.201957646301,1
"342",0,3,41.6819080706204,0
"343",2,1,30.9263323534808,0
"344",0,3,28.6050352790407,1
"345",2,1,86.2579034898964,0
"346",0,3,31.8738428068028,0
"347",2,3,22.8567320477781,0
"348",2,1,38.8932144744085,1
"349",2,1,24.3830940087193,0
"350",0,0,49.1465705689805,0
"351",0,0,107.777436884987,0
"352",1,4,1.70780690318267,0
"353",2,4,29.9701458112519,0
"354",0,1,58.1622568776315,0
"355",0,1,29.1925188931155,0
"356",1,2,22.1808183031797,0
"357",0,2,20.6751726715332,0
"358",1,1,59.4769438103082,0
"359",0,0,86.9344010980813,0
"360",0,1,62.7349134874739,1
"361",1,1,72.7878568738437,0
"362",0,2,34.6835193929425,0
"363",1,2,29.3132709552972,1
"364",2,2,56.1995217172506,0
"365",0,3,9.21009343124951,0
"366",2,0,84.4586775368264,1
"367",1,3,59.6782633822256,0
"368",2,3,17.8721017933185,1
"369",0,0,78.4071024192035,1
"370",0,5,11.6375397353541,0
"371",1,2,28.3546477018454,1
"372",0,2,37.6876044970328,0
"373",2,1,66.7622078524182,1
"374",0,1,61.2916174531711,0
"375",2,2,43.7705951115048,0
"376",1,2,33.3453614156906,0
"377",1,3,-0.291614756852873,0
"378",2,1,43.2141962297131,0
"379",1,3,34.5351524022156,1
"380",1,2,6.00266039478205,1
"381",2,2,59.5695043303891,0
"382",1,1,36.3410187370941,1
"383",0,1,78.5566805614555,1
"384",1,3,-8.06046572070536,0
"385",1,1,1.83197048893388,0
"386",0,2,12.4877932146759,1
"387",0,0,92.3829145225614,0
"388",2,2,61.5230040981914,0
"389",0,0,41.9409995000945,1
"390",1,5,14.3674542863545,0
"391",2,0,95.1892942497921,1
"392",0,1,49.4813695583582,0
"393",1,0,100.326700724153,0
"394",0,3,33.3688721455199,0
"395",0,2,35.8826950028298,1
"396",1,2,72.2295047598793,1
"397",0,4,51.6132921445253,0
"398",0,0,99.3405268427423,1
"399",1,1,56.5693065123191,1
"400",1,2,18.2553785212588,1
"401",0,3,40.5776806992337,0
"402",1,2,6.61848904559614,0
"403",0,2,19.2071775079468,1
"404",1,2,38.8195179641389,1
"405",2,2,66.4615757248788,0
"406",1,2,34.1481105448332,0
"407",1,3,55.0090790098719,0
"408",0,7,-22.0563797334122,1
"409",0,2,40.5974007882839,1
"410",2,1,28.4049934199046,0
"411",2,0,95.6956855791251,0
"412",1,0,122.038433209936,0
"413",2,2,24.5415979229095,0
"414",0,3,5.61749375624915,1
"415",2,1,26.2768525865421,0
"416",2,2,18.9107990482426,0
"417",1,2,10.9375610494492,1
"418",0,2,67.116870513948,1
"419",1,0,107.050520770264,1
"420",1,0,77.6966863049364,0
"421",2,2,16.4000251192284,0
"422",2,1,40.9389754887141,0
"423",0,3,8.49537337786956,0
"424",0,1,53.9254457751498,1
"425",1,3,21.612754382029,1
"426",1,0,97.5156246039489,1
"427",1,3,54.3595886959454,0
"428",1,0,103.976442656091,0
"429",1,4,-43.7301622897116,0
"430",2,1,62.4564202970478,0
"431",2,1,35.6569413441196,0
"432",1,2,24.8987813871528,0
"433",1,4,20.7325932674704,1
"434",2,2,13.7188445899566,1
"435",1,1,56.8031960775183,1
"436",2,3,28.7126231445183,0
"437",0,5,3.35885731786048,0
"438",2,1,-1.23427204857254,1
"439",0,3,28.590999940691,1
"440",1,1,54.6067815830504,1
"441",0,1,50.181855476328,1
"442",2,8,-6.70489236639602,1
"443",1,0,96.4278170582663,0
"444",2,2,15.8109488057603,0
"445",2,1,67.1625196882539,0
"446",2,0,69.8340265164793,0
"447",2,1,34.035638457258,1
"448",1,1,50.9451428551345,0
"449",0,3,16.9954014156613,0
"450",2,1,67.0502641018492,0
"451",2,1,53.4838517965253,1
"452",0,2,54.7309091241105,1
"453",2,4,-15.2499715343092,0
"454",1,2,61.9806006582396,0
"455",1,3,38.9518819654092,0
"456",0,0,112.474455786609,0
"457",0,0,57.2715768142667,1
"458",1,1,65.1793342493256,0
"459",0,1,18.5313919388634,0
"460",1,2,68.9398775651673,0
"461",2,1,38.2984368809997,1
"462",0,1,86.2900062790976,0
"463",1,1,49.0417190420854,0
"464",1,2,34.1285415914673,1
"465",2,4,6.36682093633193,1
"466",1,2,-0.430888650030646,0
"467",0,5,58.8029840252059,1
"468",1,1,56.429117349955,0
"469",0,3,27.6176010900404,0
"470",0,0,140.583462137929,1
"471",2,2,36.9886604296288,1
"472",1,2,40.5675408363563,1
"473",1,2,52.5448756859067,0
"474",2,1,56.5188381237511,0
"475",1,1,40.0913080837427,1
"476",1,3,72.6520754567421,0
"477",0,1,62.1640829993366,1
"478",0,2,28.4095321258807,1
"479",2,2,58.3271161089169,1
"480",2,2,51.4772810612803,0
"481",1,2,40.4917751427667,1
"482",1,3,10.453700380191,1
"483",2,3,5.66570285868626,1
"484",2,0,124.546923605688,0
"485",0,1,-7.24294065700681,1
"486",1,0,116.392475823939,0
"487",2,3,63.5954074051816,0
"488",0,2,18.595614974385,0
"489",2,0,120.831524850407,0
"490",2,1,52.1515436322124,1
"491",1,3,-3.37374180938037,1
"492",1,2,44.2512928939214,0
"493",1,2,43.3766086911122,0
"494",2,3,17.9356953191074,1
"495",1,0,104.355439218555,0
"496",0,1,38.775199756991,0
"497",1,2,35.3309627261433,1
"498",2,0,117.445788848104,0
"499",0,0,88.5807215625879,0
"500",0,2,25.6873649101389,0
"501",2,0,127.435536313431,1
"502",2,0,72.0703754573314,1
"503",0,3,-6.98698104126265,0
"504",0,4,30.8977837995267,1
"505",0,0,91.9017450005014,0
"506",1,1,72.4825676169644,0
"507",0,0,55.7307248658442,1
"508",2,1,39.335161857898,0
"509",0,3,52.3468004624855,0
"510",2,0,80.6948541991721,1
"511",1,3,37.4279011284224,1
"512",1,2,30.5828985085223,0
"513",1,1,68.9630342594203,0
"514",1,1,26.5332289563651,0
"515",2,1,32.9749290446202,1
"516",1,0,101.053224566531,1
"517",0,3,45.8649291084025,1
"518",0,0,126.343295433732,0
"519",1,1,73.6323568790437,0
"520",0,2,-0.28981398090643,0
"521",0,0,113.25200559434,0
"522",1,3,10.0231903689359,1
"523",2,1,74.8670521304929,0
"524",2,1,76.8360632404556,1
"525",2,2,56.8080170045867,1
"526",2,3,-6.2037603969553,0
"527",1,2,72.552903859492,0
"528",0,5,34.6045082718516,0
"529",2,1,86.5267890324637,1
"530",1,2,18.2938747911588,1
"531",1,5,27.4112467195122,0
"532",2,2,18.8460904774259,1
"533",1,1,68.282226288421,1
"534",2,3,32.3606421997101,0
"535",1,1,58.3003300927073,0
"536",0,2,50.9331510652561,0
"537",2,0,116.694894345802,0
"538",1,0,157.490629590814,1
"539",2,2,29.9260969966573,1
"540",1,1,33.7499753354182,0
"541",0,2,35.4984541689179,0
"542",1,1,47.325139817539,1
"543",1,4,24.6555593814458,1
"544",1,3,31.5856446284248,1
"545",0,0,89.0395001917299,0
"546",2,2,24.9842221543675,0
"547",0,0,108.746748047675,0
"548",0,1,68.8854391420016,0
"549",1,1,50.9972529703693,1
"550",2,4,34.5591768470278,1
"551",2,3,91.9422784395788,0
"552",0,1,18.0672151006112,0
"553",1,1,93.2072080981045,0
"554",0,1,55.2514862190946,0
"555",0,1,76.8212074325961,1
"556",1,4,-11.9048737006089,0
"557",1,1,47.2092245306374,1
"558",0,1,33.0587819157315,1
"559",2,4,50.6988469706115,0
"560",1,1,41.967169509882,0
"561",1,1,51.7309339577705,1
"562",2,1,9.92796120034329,0
"563",1,4,26.1111804761878,0
"564",0,1,76.4758099065465,0
"565",1,3,5.52587478207673,0
"566",0,1,22.2423427675199,0
"567",1,2,7.79555043177669,0
"568",2,3,19.7114387051571,1
"569",0,3,18.8724591733563,1
"570",2,3,10.0946415274735,0
"571",0,2,-3.2511307298477,0
"572",1,0,104.401953612437,1
"573",2,2,67.6117403118687,1
"574",1,3,32.6105183990498,1
"575",0,2,28.5540139430825,1
"576",2,5,-21.8609292111737,1
"577",0,1,7.88005809794521,1
"578",1,1,46.7833019711544,1
"579",0,1,58.051335454991,0
"580",2,2,-16.9273254883818,0
"581",1,2,74.4656059433268,1
"582",1,2,50.447256567886,0
"583",1,1,50.1740281554101,0
"584",1,3,43.1135602401116,0
"585",2,0,127.4953858756,0
"586",1,1,74.0774820867809,1
"587",0,2,16.0510337447158,1
"588",0,5,61.3366494835354,0
"589",1,2,17.6674501905745,1
"590",2,4,27.3342285346855,1
"591",2,2,52.7524507111685,1
"592",2,5,-14.1435535318066,1
"593",1,0,73.1919588015641,0
"594",0,1,30.5528127835706,1
"595",0,4,25.5947642049847,1
"596",0,2,39.4429362648965,1
"597",0,1,67.6261233491922,0
"598",1,3,36.8789971543299,0
"599",2,1,39.3725676790984,0
"600",0,1,12.8025064183778,0
"601",1,1,50.2461078219074,1
"602",1,3,23.012736326942,0
"603",0,1,30.908268357952,1
"604",1,3,22.0197553327306,0
"605",2,2,23.7226937104301,0
"606",2,3,23.3953023047906,0
"607",0,2,44.389138468196,0
"608",1,3,22.2226934343421,0
"609",1,1,52.7217413028673,1
"610",1,1,74.6509668275567,1
"611",1,0,95.4862545161685,0
"612",2,2,20.8807397618601,0
"613",2,4,46.0661318397659,1
"614",2,2,17.4624022219446,0
"615",1,2,47.5670004950949,0
"616",2,4,22.1501038144628,1
"617",2,1,70.8239507291609,0
"618",1,0,136.330837603556,1
"619",0,3,33.9875532505908,0
"620",1,3,-9.85540913295087,1
"621",2,4,-39.5871503386984,0
"622",0,3,44.6254320644329,0
"623",1,3,35.4625012495257,1
"624",1,2,-1.73967323001583,0
"625",1,2,39.2003212857878,1
"626",2,2,62.8242850787416,0
"627",1,2,17.54447439316,0
"628",1,1,87.5460419958837,0
"629",0,1,64.7908286505707,0
"630",0,1,67.6780554352464,0
"631",0,2,56.4226712487953,0
"632",0,0,94.8981740246124,0
"633",0,1,33.2411224138152,0
"634",0,0,108.900491237895,0
"635",2,1,5.36973927723808,0
"636",0,4,10.9582916546994,1
"637",2,1,42.3670952191687,1
"638",0,3,47.9971546358589,0
"639",1,1,28.5988947574665,0
"640",0,1,31.171129711311,0
"641",0,3,-19.9161566837164,0
"642",0,3,40.3243194879203,1
"643",2,2,33.2468224740219,1
"644",0,3,47.8606473768198,0
"645",2,3,57.0959258372064,1
"646",1,1,27.3004955315218,1
"647",2,3,44.9691370989892,1
"648",0,0,115.845678403051,1
"649",0,1,77.6417831751298,0
"650",0,1,34.3031275522032,0
"651",0,2,46.467565113046,0
"652",1,1,76.3929716571416,0
"653",0,2,59.4396891629592,1
"654",0,2,25.6994812829941,0
"655",0,0,88.1768326429344,1
"656",1,3,40.348156267943,0
"657",2,3,9.22872582509616,0
"658",0,0,101.233278590565,0
"659",1,1,55.3674263701142,0
"660",0,2,23.0319462902318,0
"661",1,0,101.256781050383,1
"662",0,3,32.9748397094371,1
"663",1,7,7.56394800161795,1
"664",2,0,79.3036620276607,0
"665",0,1,54.2921553199833,1
"666",2,1,44.8846544179247,0
"667",0,1,62.4891600821429,1
"668",2,4,42.5076780696144,0
"669",0,1,46.975022038396,1
"670",0,1,63.7797193671571,0
"671",1,4,36.4425006108445,1
"672",1,3,55.5893593982113,0
"673",0,0,112.444581517295,0
"674",2,4,14.4789215836529,0
"675",2,3,21.9208961239629,0
"676",0,1,65.2747127103948,0
"677",0,0,119.27874620984,1
"678",0,1,63.3992175048241,1
"679",0,3,0.586733844150515,0
"680",2,1,35.6547192372597,0
"681",0,1,22.2843095918668,0
"682",0,1,22.3013582894076,1
"683",2,2,67.5730794976639,1
"684",1,3,52.6452167516648,1
"685",2,2,32.0692076891636,0
"686",0,2,62.5389482150911,0
"687",2,2,64.9004872845582,0
"688",1,1,43.9572975074369,1
"689",0,0,106.610485421245,1
"690",0,2,26.8323128597432,0
"691",2,2,26.998221174622,0
"692",2,1,27.0605619591376,0
"693",0,2,8.8330249036094,0
"694",2,1,71.7074393692321,0
"695",0,3,42.096275671243,0
"696",1,5,9.20888078195558,0
"697",1,1,51.9333136443889,1
"698",2,1,32.3681887462474,1
"699",1,1,98.509246277606,0
"700",2,1,5.26098437596841,1
"701",1,0,117.509521196955,1
"702",0,2,55.8591972056684,0
"703",1,2,21.7476917385155,0
"704",0,1,63.4324364268261,1
"705",2,2,13.5458327863145,0
"706",0,3,5.58669144896202,0
"707",1,3,-9.16926830003685,1
"708",0,2,32.2646249265689,0
"709",0,1,34.8900795606393,1
"710",0,1,38.1948056726782,0
"711",0,1,62.9270213374188,1
"712",1,0,95.1180259292268,0
"713",2,2,36.255706735893,1
"714",1,3,51.2669564083813,1
"715",2,2,43.6326058003899,1
"716",2,1,70.8811992112968,0
"717",2,1,66.7760990675212,1
"718",2,2,60.2404295384091,1
"719",1,2,29.1018117394002,0
"720",0,3,4.77064563752345,0
"721",1,0,98.8570249165943,1
"722",2,3,4.95037593794673,1
"723",1,2,40.3518367714497,0
"724",0,0,91.0560413448374,0
"725",0,0,77.2163771179772,1
"726",1,0,101.017666303136,1
"727",0,1,66.4267794722211,0
"728",1,3,22.097932283651,1
"729",2,1,48.7269802139366,0
"730",2,1,61.4469124285087,0
"731",0,2,-5.9713041029263,0
"732",0,2,36.4087953765246,1
"733",2,4,17.7167640394866,0
"734",2,1,48.7979084797525,1
"735",1,1,64.767749476013,0
"736",0,2,41.1014057341319,0
"737",0,2,10.5697927648282,0
"738",1,4,22.1787000875304,1
"739",2,1,72.068771010292,0
"740",2,2,18.2922355682075,0
"741",1,3,-31.1178194251714,1
"742",0,0,103.065383539251,1
"743",2,1,66.0940649210248,0
"744",1,0,126.622937197759,1
"745",2,0,104.294065346079,0
"746",2,1,66.1805534991236,1
"747",2,1,66.4509960621209,0
"748",0,3,43.3037234512036,1
"749",2,2,60.5398332409595,1
"750",1,2,26.9236848259501,0
"751",0,1,58.7564403936053,0
"752",1,3,34.0171060958696,0
"753",1,2,48.109179463956,1
"754",0,1,41.9064189130293,0
"755",0,1,48.7639423483497,0
"756",0,1,32.6465578022025,0
"757",2,1,89.5374460175818,0
"758",1,3,39.6413181168254,1
"759",0,3,12.4557512027714,0
"760",2,2,19.3988119537111,1
"761",1,2,55.2408596337088,0
"762",0,4,75.7911215415825,0
"763",1,1,73.4878389362822,1
"764",1,2,58.2998928776923,0
"765",1,1,38.2048915708178,1
"766",1,4,34.1738787995275,1
"767",2,2,37.4003784080604,0
"768",0,0,92.6784995475416,1
"769",0,1,51.3094944589753,0
"770",2,1,18.2663004281446,0
"771",0,0,92.9500149460861,1
"772",1,0,88.5321175972689,1
"773",1,2,13.9191719795804,0
"774",0,2,32.1002919072688,0
"775",1,3,12.3570405135406,1
"776",0,0,92.284750292455,0
"777",0,2,33.4437464498915,0
"778",0,1,45.815986158586,1
"779",2,0,136.870164769311,0
"780",1,2,39.8908183991172,0
"781",2,2,33.8833572026851,1
"782",2,1,35.6459428931249,0
"783",2,1,39.4414570603786,1
"784",0,6,70.891952754472,1
"785",2,2,55.6200251728888,1
"786",2,1,38.0181131539304,0
"787",1,1,49.687553673104,0
"788",0,1,23.6788895309146,0
"789",2,1,37.410458899843,0
"790",2,0,104.839845592412,1
"791",0,2,33.1297124924328,1
"792",1,2,22.3887845754273,0
"793",0,2,2.90898964831015,1
"794",0,0,106.13106824678,0
"795",0,0,133.580393514201,0
"796",2,0,142.171198486564,0
"797",1,5,27.7417542318913,1
"798",1,3,31.4331859626386,0
"799",0,4,26.9904019522762,0
"800",2,2,37.5569509706793,0
"801",1,1,47.8445454254299,1
"802",2,1,103.502082726211,0
"803",2,4,1.22554800544937,0
"804",0,2,25.7089456805166,0
"805",1,0,102.286968321291,0
"806",1,0,81.6329474079288,0
"807",0,2,38.3580863392478,0
"808",2,2,6.72734956830563,0
"809",1,0,46.1212313214122,1
"810",0,1,56.7557805030039,1
"811",0,1,47.2233253156963,0
"812",1,4,17.7987576877327,1
"813",0,4,50.0235974888053,0
"814",1,2,34.1198274338904,1
"815",0,0,118.61160905372,1
"816",0,0,140.516024739869,0
"817",2,1,53.4065989928984,1
"818",0,0,75.6690780730701,1
"819",1,2,21.8166269996288,1
"820",0,0,102.888940179464,0
"821",2,0,67.3858637338394,0
"822",1,4,20.4709598850656,0
"823",1,3,17.5925358910317,1
"824",1,2,79.0940997218508,0
"825",0,3,23.1436565562571,0
"826",2,1,69.1699190060948,1
"827",0,4,9.24357280135779,1
"828",1,2,27.8737993044715,0
"829",1,2,0.757581128691321,1
"830",0,5,9.31322708155017,1
"831",1,2,24.8010117823915,0
"832",1,0,159.325924672724,0
"833",2,3,26.9154336197765,0
"834",0,3,24.9418811351195,0
"835",1,3,-16.6542102893398,1
"836",2,2,40.6673988413294,0
"837",0,2,8.90949720028346,0
"838",1,1,44.1054992305091,0
"839",1,2,62.3838229550601,1
"840",0,1,17.4538847757764,0
"841",1,1,61.9382412291954,1
"842",1,2,55.8204648797617,0
"843",0,0,128.411935454288,1
"844",0,2,26.066688711601,0
"845",0,3,20.5465224541774,0
"846",0,2,22.246506124031,0
"847",2,1,20.6818449182132,1
"848",0,1,50.365692734153,0
"849",0,2,8.33952921210395,0
"850",2,2,58.7289692422331,1
"851",1,2,21.1899102156233,0
"852",1,0,93.6458682724056,1
"853",0,0,127.813329692561,0
"854",2,2,32.49269876905,0
"855",2,1,57.3845099864202,0
"856",1,2,50.8961119513116,1
"857",1,2,-1.53294278471985,1
"858",2,2,41.7520730209283,1
"859",0,1,18.8666142544355,0
"860",0,1,16.6861983079679,1
"861",1,4,16.359818064353,0
"862",1,2,2.3015747653841,0
"863",0,0,117.809410199794,1
"864",2,1,62.097005990792,0
"865",2,2,40.9425506770853,0
"866",0,0,109.787777471151,0
"867",2,4,-26.3790410768942,1
"868",1,3,22.1830242834067,0
"869",2,3,24.8362915086953,1
"870",2,4,1.96729281682892,1
"871",1,1,62.5757005637084,1
"872",2,3,9.30305049164344,1
"873",2,1,21.081978885091,1
"874",0,2,39.5758307109826,0
"875",1,1,66.9255351909786,0
"876",0,3,-22.7390055595132,0
"877",2,2,55.093249739528,1
"878",0,2,71.5194020425996,0
"879",0,1,20.3477904376979,0
"880",1,2,50.0327548321528,1
"881",0,1,61.9646264705303,1
"882",0,0,119.125456920685,1
"883",1,2,23.6813105407302,1
"884",1,1,23.3385663363333,0
"885",0,1,94.7817774128129,0
"886",2,0,61.4636595353322,1
"887",0,1,37.1735873847904,1
"888",1,0,91.8707166716425,1
"889",1,3,8.17816655717125,1
"890",0,1,59.7476281422118,0
"891",2,0,116.341277672578,1
"892",0,1,61.4907606439573,0
"893",2,2,56.5708874923326,1
"894",0,0,65.9400510856586,0
"895",2,3,41.4314047827234,0
"896",1,3,1.0167939087254,0
"897",2,3,24.1559201999641,0
"898",0,0,105.522293835344,1
"899",0,1,38.4784866220936,0
"900",1,1,48.475341744764,0
"901",0,0,105.995455622629,0
"902",2,1,52.5088273118917,1
"903",2,1,47.2115721686183,1
"904",0,1,90.6659440766894,1
"905",0,0,110.391686520629,1
"906",1,4,-21.429379516649,0
"907",2,2,25.9531165366733,1
"908",0,1,17.4614398638667,0
"909",0,3,-3.67087501618031,0
"910",2,1,52.8578454805984,0
"911",1,3,34.956736234497,1
"912",1,2,51.2093962315317,1
"913",0,2,47.8292391761086,1
"914",0,0,103.473114577694,0
"915",1,3,-15.3483107261096,1
"916",0,1,37.0262565508508,0
"917",2,3,20.8373457093167,1
"918",2,0,83.0886913128152,1
"919",2,4,35.0213257809358,1
"920",1,1,19.6828462681178,0
"921",1,1,46.2951458727967,0
"922",1,2,36.3560126068484,1
"923",0,2,62.1019302730736,1
"924",0,3,3.96559815714402,1
"925",0,3,25.4738545571947,0
"926",2,2,31.6635982491556,0
"927",0,0,81.1103812327365,0
"928",2,0,95.144174467183,1
"929",1,1,92.1171047754246,0
"930",0,2,63.6649241758654,1
"931",1,1,87.4754228669762,1
"932",1,1,58.9521381299833,1
"933",0,1,35.6540846935902,0
"934",0,3,-22.6832820360907,1
"935",2,1,45.4009592921343,0
"936",0,2,41.1245223497564,1
"937",1,3,17.5033053397122,0
"938",2,4,52.7751843730221,0
"939",0,1,57.7220960746733,1
"940",0,1,60.0221311631843,0
"941",0,3,9.04411360645728,0
"942",2,5,4.98353638139404,0
"943",1,4,34.1625519489663,1
"944",1,3,41.0586239456967,1
"945",0,1,60.9928665292432,1
"946",2,3,11.6929385518031,0
"947",0,4,10.262284198512,1
"948",1,0,117.106034752022,1
"949",2,4,37.4505514456502,0
"950",1,2,40.2037223064087,1
"951",1,3,38.8806749912908,1
"952",0,1,75.1392322000546,1
"953",2,0,109.830659127065,0
"954",1,2,38.1910047959282,1
"955",0,2,29.2917189922582,1
"956",1,4,18.1767258316912,0
"957",1,1,40.8606936667083,1
"958",1,2,54.8204854728439,1
"959",1,3,29.3340734851126,0
"960",0,5,11.1227413100264,0
"961",0,1,69.4047612114816,0
"962",0,2,-20.645309353044,1
"963",2,3,44.4210189689047,0
"964",1,1,62.8382553031539,0
"965",1,0,123.508624763997,1
"966",0,3,18.7086622852256,0
"967",1,2,36.2080802961101,1
"968",0,1,110.632998509346,0
"969",0,2,70.3229525329736,1
"970",1,2,8.30575174426886,1
"971",1,1,53.0133648950424,1
"972",0,0,85.7792234734022,1
"973",1,2,33.7639123848642,0
"974",0,3,70.6052532661635,0
"975",2,2,50.5742359964635,0
"976",2,2,41.9094966300349,0
"977",1,1,37.5689156712272,1
"978",2,1,43.1041479498992,1
"979",1,0,131.957099978909,0
"980",1,3,18.8756932830403,0
"981",1,1,71.9850151970597,1
"982",1,0,101.113802224049,0
"983",1,4,8.43655297355502,0
"984",2,1,35.9217803100404,1
"985",1,2,32.5560323467556,1
"986",2,0,97.7849336812713,0
"987",0,2,43.9842079998922,1
"988",2,0,107.651207168124,1
"989",0,1,73.984059986632,0
"990",0,2,30.2791351463016,1
"991",2,2,21.2324430998473,1
"992",0,0,117.17666756153,0
"993",2,2,43.2149372838805,1
"994",0,3,49.318430268605,0
"995",0,1,51.5365116391454,0
"996",1,3,25.9642086493289,0
"997",0,0,123.739320636506,1
"998",0,1,85.6652464806835,1
"999",1,0,103.359229527411,0
"1000",0,1,56.9990957477579,0
"1001",0,1,59.455194965375,0
"1002",1,3,18.7591084893069,0
"1003",0,3,46.2685699577527,0
"1004",1,2,44.8149657021972,1
"1005",0,1,64.1163404694482,1
"1006",0,1,91.8096586161444,0
"1007",1,0,107.786130159541,0
"1008",0,0,90.1314511942478,0
"1009",2,2,-5.18847203207254,0
"1010",2,1,8.58086042713166,0
"1011",0,3,-7.3241461532599,0
"1012",0,3,30.1776266120536,1
"1013",0,0,121.039655046134,0
"1014",0,5,5.48141991457327,1
"1015",2,1,48.2896329949214,1
"1016",0,3,-20.6144742255266,1
"1017",2,1,52.01932680444,0
"1018",2,1,67.6574645547894,1
"1019",1,2,39.0142491783499,0
"1020",1,0,77.1874659786104,0
"1021",1,2,61.1214657558398,0
"1022",2,3,56.8713296659608,0
"1023",1,0,96.05076335773,0
"1024",1,2,8.40592812411297,0
"1025",2,1,40.6981519484865,0
"1026",1,1,30.6811047368507,0
"1027",0,3,52.561714961585,0
"1028",1,2,27.643591231272,0
"1029",0,1,36.6496801981125,1
"1030",2,1,48.3114005824524,1
"1031",1,1,106.038204835781,0
"1032",0,2,50.735265492244,0
"1033",2,1,76.1032127683574,1
"1034",2,2,34.4085871007863,0
"1035",1,1,82.541062170088,0
"1036",1,2,43.1262625852121,0
"1037",1,1,51.5480609577399,0
"1038",0,1,54.3628813409216,1
"1039",0,2,-9.53053676177116,0
"1040",2,2,31.2024526995146,1
"1041",0,3,75.630780795225,1
"1042",1,2,23.2287899647334,1
"1043",2,2,31.1925283124331,1
"1044",0,0,143.205707267869,0
"1045",1,1,74.6973524099235,0
"1046",0,1,43.2184909877252,1
"1047",1,1,33.8762769538074,0
"1048",1,2,24.0472202137603,1
"1049",2,1,45.2512013764979,0
"1050",0,5,19.5682532804654,0
"1051",0,2,54.6668263549323,0
"1052",2,1,89.9808081792926,0
"1053",1,2,36.6767601123426,1
"1054",1,2,71.7082842873148,1
"1055",2,2,36.1049105805845,0
"1056",1,2,22.6718418471155,1
"1057",0,3,24.9174783221224,0
"1058",1,2,53.9284205194163,0
"1059",1,2,13.274183470614,1
"1060",2,3,37.9526302595024,1
"1061",1,0,116.211591206333,0
"1062",2,1,81.1273194863319,0
"1063",1,1,59.0015536745671,1
"1064",1,0,68.4024229889088,0
"1065",0,4,13.0930504535871,0
"1066",1,2,1.77597517772483,0
"1067",2,2,27.4491607751058,1
"1068",1,0,120.702237148059,0
"1069",1,0,79.6181356650204,1
"1070",1,1,18.4511195834902,1
"1071",2,2,36.464029705833,0
"1072",1,2,26.9077838533189,1
"1073",1,1,12.0572557704897,0
"1074",0,1,52.9897851838155,0
"1075",2,3,1.46201395326086,1
"1076",0,1,29.5569978659569,0
"1077",2,1,64.7996300050126,1
"1078",0,1,41.9083894896789,0
"1079",1,0,80.6077496479241,1
"1080",2,0,101.435612533251,1
"1081",1,4,-0.580137876837298,0
"1082",2,1,43.0357600163913,1
"1083",0,0,111.079690930767,0
"1084",1,5,-15.8286242617826,0
"1085",2,1,50.8711789344208,0
"1086",0,3,18.4701027336082,0
"1087",0,3,22.955564392419,0
"1088",2,3,28.1091237391253,0
"1089",1,0,121.627647011183,1
"1090",1,1,80.4440991966298,0
"1091",2,0,99.7397672581658,1
"1092",0,1,2.65004752516235,1
"1093",0,0,78.809054516204,1
"1094",1,2,36.5255660898103,1
"1095",2,1,67.9852874378502,0
"1096",0,3,16.4627424512877,0
"1097",2,0,104.329512171158,0
"1098",1,0,112.766330809455,0
"1099",2,2,64.5489530263893,1
"1100",0,2,45.090822926293,0
"1101",0,7,21.0245560478221,1
"1102",1,2,22.3929041547722,1
"1103",1,3,13.5031582984478,0
"1104",0,1,21.8443792166212,0
"1105",2,1,36.5415779289468,1
"1106",2,2,0.128893036466948,1
"1107",2,3,75.6938319997338,1
"1108",0,5,-16.484332331628,0
"1109",2,0,44.1944207309425,0
"1110",0,2,35.7897407494793,1
"1111",1,1,27.9949328666068,0
"1112",0,1,53.3377457068557,1
"1113",2,1,72.3569935491066,0
"1114",2,1,50.3673396958925,0
"1115",0,1,49.5220377514054,0
"1116",0,1,34.0409807313641,0
"1117",2,0,142.072329076891,0
"1118",0,0,74.7521197452271,0
"1119",0,1,38.3231511580319,0
"1120",0,3,-19.2738401878749,0
"1121",1,1,58.1739639228538,0
"1122",0,3,42.6761378696047,0
"1123",0,0,141.867514727273,0
"1124",0,1,47.7196966341493,0
"1125",2,3,32.4587749566535,0
"1126",1,2,59.2630977540663,0
"1127",0,1,50.0474568164838,0
"1128",0,1,50.8520316698882,1
"1129",2,0,69.2129117791207,0
"1130",1,3,43.1331391768533,1
"1131",2,0,113.384858619762,0
"1132",1,4,33.1181337398708,1
"1133",2,4,5.1864875199261,0
"1134",1,7,7.24940829996528,1
"1135",2,0,119.008027411076,0
"1136",1,1,61.5903257483574,0
"1137",2,2,36.1233712120872,1
"1138",1,3,-3.79022315122362,0
"1139",1,1,59.899312732859,1
"1140",1,1,66.3534809723213,0
"1141",1,1,32.2750062011617,0
"1142",0,4,27.350343768517,0
"1143",0,2,63.5086399412444,0
"1144",1,1,20.5550929645689,1
"1145",0,2,57.8469640694548,1
"1146",0,1,17.7293891029848,1
"1147",2,2,57.5098362331729,0
"1148",2,2,14.885341237278,0
"1149",2,0,124.992172385199,0
"1150",2,2,32.6006514125522,1
"1151",1,2,59.6047715278144,0
"1152",1,2,22.7185220726116,0
"1153",2,1,20.9169960407257,0
"1154",2,2,-21.6721688397751,0
"1155",2,0,76.7311942091017,0
"1156",1,1,55.033473195193,1
"1157",1,0,89.9847484660426,1
"1158",2,1,28.052150212709,1
"1159",2,2,-10.4967523781275,1
"1160",2,1,34.21990919218,0
"1161",1,2,-4.46132977346098,0
"1162",1,3,63.3781750121316,0
"1163",1,0,123.92309538339,0
"1164",0,2,57.9576622972127,1
"1165",0,4,-8.88237976112863,1
"1166",2,1,47.8149854525901,1
"1167",2,1,63.2663268590886,0
"1168",2,3,3.22609958708277,1
"1169",0,2,39.1748466817189,1
"1170",2,0,121.334563207742,0
"1171",1,2,23.6095370463515,0
"1172",0,0,139.226859468408,1
"1173",2,1,20.636913564627,1
"1174",0,2,21.5779336757063,0
"1175",2,1,115.553882436858,0
"1176",2,2,15.8227560507914,1
"1177",1,2,34.1471922596011,0
"1178",2,1,29.7808761139431,0
"1179",1,4,-23.9133556542085,1
"1180",0,2,33.2586172034517,0
"1181",0,4,23.3187082578639,1
"1182",0,4,28.0857649387242,0
"1183",0,1,53.4760394377451,1
"1184",1,0,93.1280495032617,0
"1185",2,1,29.1038311176282,1
"1186",2,1,22.7195621071371,0
"1187",1,2,3.34740613890895,0
"1188",1,1,50.267842712331,0
"1189",2,0,69.0886996472099,0
"1190",2,4,17.2913591835,1
"1191",1,1,31.2390744031214,0
"1192",1,2,5.17743179555119,0
"1193",2,1,50.0231144188091,0
"1194",2,2,47.7900657408979,0
"1195",0,3,15.9062851780691,0
"1196",0,2,24.8534135290353,0
"1197",1,4,35.0717383764225,0
"1198",0,4,-9.55262973026281,1
"1199",2,2,0.78212471858771,1
"1200",0,4,19.7305359605578,0
"1201",2,0,117.879816080378,1
"1202",0,0,82.5330258023328,0
"1203",1,1,55.9222438748814,0
"1204",0,4,42.9004881460211,1
"1205",2,3,33.004725879053,1
"1206",2,1,71.0094915783811,1
"1207",1,2,62.7738611297836,0
"1208",2,0,94.7152819671325,0
"1209",0,2,50.265559403333,0
"1210",2,1,82.4149213892889,1
"1211",2,1,45.3321286875201,1
"1212",2,2,36.0802770163221,1
"1213",0,2,18.0865118416159,1
"1214",1,1,46.2557275803152,1
"1215",2,1,62.2068370939909,1
"1216",0,1,65.40671328445,0
"1217",0,0,66.4702389842202,0
"1218",1,0,129.280460033821,0
"1219",1,2,-11.9086582237613,1
"1220",2,0,103.581170843526,0
"1221",0,2,51.719761741188,0
"1222",0,1,41.5700019331771,0
"1223",1,1,34.6815251760234,0
"1224",1,2,12.4301730733142,0
"1225",0,1,53.2565203764682,1
"1226",2,2,61.6781932289623,0
"1227",0,1,27.7237007731874,0
"1228",0,4,-7.18532443616085,0
"1229",1,2,4.2129607928802,0
"1230",0,1,58.2357444773665,0
"1231",2,0,99.2787048954781,0
"1232",1,0,89.0937559500303,0
"1233",0,1,54.7141598405386,0
"1234",1,1,22.1151554030957,0
"1235",0,2,30.6686692336739,0
"1236",2,1,31.666965756074,0
"1237",1,0,76.3980567609027,1
"1238",0,1,48.8767677044036,1
"1239",0,3,-6.38877790570735,0
"1240",1,1,29.6695250677103,0
"1241",2,1,64.2437349553607,1
"1242",0,1,81.0297410059476,1
"1243",0,3,9.74714224724096,1
"1244",2,1,47.5629546144866,0
"1245",0,1,44.3514686190774,0
"1246",2,4,50.5156113430708,1
"1247",0,0,103.667348582513,0
"1248",2,6,63.969134649875,0
"1249",0,4,38.6678872268704,0
"1250",2,2,34.6742541087972,1
"1251",2,3,47.085635339844,0
"1252",1,2,65.2853253817591,0
"1253",0,1,40.8333517616014,1
"1254",1,1,21.8224464575186,0
"1255",1,1,48.4599558789391,0
"1256",2,2,1.65043091365707,0
"1257",1,2,-0.245196004984415,1
"1258",2,1,72.3982608338322,1
"1259",1,1,28.577428837724,0
"1260",1,4,67.4607960452725,1
"1261",1,3,-32.6398410395419,1
"1262",0,0,96.6782717835551,0
"1263",1,5,7.41338770421063,0
"1264",2,2,39.6355506955439,1
"1265",0,4,61.1326562024873,1
"1266",1,4,-12.4103610544816,0
"1267",2,3,45.2889695353093,0
"1268",1,3,52.66167039558,0
"1269",1,3,-1.31061004644596,1
"1270",0,2,30.6883144500458,1
"1271",0,1,52.0004190089824,0
"1272",1,1,71.9093341985883,0
"1273",2,2,2.73324537313431,0
"1274",0,3,61.9480754327654,1
"1275",2,0,113.255955321802,1
"1276",1,0,95.6001190300569,0
"1277",1,2,22.4550914774589,0
"1278",0,3,2.30754824961138,0
"1279",1,1,65.2456029318713,0
"1280",2,2,39.3543641854695,0
"1281",1,3,21.4247720882422,1
"1282",2,1,57.2674548969122,1
"1283",0,0,90.7976758623432,0
"1284",0,2,32.1051415999099,0
"1285",2,3,23.358421989453,0
"1286",0,0,83.9467817751093,0
"1287",0,2,33.5279138569187,0
"1288",1,3,14.9111752305777,1
"1289",0,3,26.8984698679271,0
"1290",1,0,59.279382089385,0
"1291",0,1,58.0979059866887,0
"1292",0,1,58.695705082042,0
"1293",0,1,54.4123825679946,0
"1294",2,1,73.8546990750659,0
"1295",1,1,77.1131975879899,0
"1296",2,2,36.4046860343307,0
"1297",2,2,74.8630777139905,0
"1298",1,3,42.4602034040117,1
"1299",0,2,32.5441985764729,0
"1300",0,1,65.1583924598062,0
"1301",2,1,48.0364354908452,0
"1302",2,1,37.096713596039,1
"1303",0,2,33.3493255993637,1
"1304",0,0,73.3723266059164,0
"1305",2,2,43.7348473938534,0
"1306",1,3,40.8319928729663,1
"1307",0,1,88.6033753562795,1
"1308",0,2,70.14664210121,1
"1309",1,1,55.4428439895883,1
"1310",2,5,20.3838966778401,0
"1311",0,2,20.2258499087249,0
"1312",2,2,16.9900306185927,0
"1313",0,2,32.2899411491408,0
"1314",0,1,77.4851952134054,0
"1315",2,2,20.3470507864842,1
"1316",0,0,89.9782082599201,0
"1317",2,2,76.6252681654089,1
"1318",0,1,73.69255883308,1
"1319",0,4,31.4683611665571,0
"1320",1,2,31.943184361414,1
"1321",1,1,55.261443828914,0
"1322",2,1,37.7970676406008,1
"1323",0,2,11.9747171248193,0
"1324",2,3,-8.72791708605508,0
"1325",1,1,34.319455067404,1
"1326",1,1,79.8835459174724,1
"1327",0,1,75.2414479534445,1
"1328",1,1,67.9755295138064,0
"1329",0,1,37.9463318869627,1
"1330",0,1,62.7772587673234,0
"1331",0,2,52.2696881928687,0
"1332",0,3,26.6305499709294,1
"1333",2,2,40.6414237460439,1
"1334",0,2,33.3305102558818,0
"1335",1,1,30.1032477932324,1
"1336",2,3,3.11495251632781,0
"1337",1,2,27.9783161751978,0
"1338",1,1,35.589673967732,0
"1339",0,3,40.1967158018777,0
"1340",0,0,104.12401965067,1
"1341",2,1,58.4525948323923,1
"1342",0,2,-14.754471928867,1
"1343",1,2,41.6445981541357,1
"1344",0,1,45.1188857932031,1
"1345",0,3,24.6435555122337,1
"1346",0,2,47.4162643166114,0
"1347",1,4,53.6769904463638,0
"1348",2,2,-1.81356474228198,0
"1349",2,1,53.1681709808235,0
"1350",2,2,54.8868379230657,1
"1351",2,1,56.1216278374002,0
"1352",0,5,9.53242430494056,0
"1353",1,0,108.469231196886,0
"1354",0,0,143.166711713127,1
"1355",2,0,139.276211297397,0
"1356",2,0,123.130717540856,1
"1357",0,2,48.9506481873626,1
"1358",2,3,-12.8621615323093,1
"1359",2,1,24.7122783244829,1
"1360",2,2,14.740796605979,0
"1361",1,1,75.656595069374,0
"1362",0,1,67.5230753102865,0
"1363",0,2,4.17407989373664,0
"1364",0,4,79.4622551484653,1
"1365",0,3,7.84312012192651,0
"1366",0,1,58.1513748835387,1
"1367",1,3,42.9507747077669,0
"1368",0,2,29.7390986288427,1
"1369",0,2,43.0574231938764,0
"1370",1,0,115.208675287503,0
"1371",2,3,25.8298244383758,0
"1372",2,2,3.63546343118004,0
"1373",0,1,76.0730254408011,1
"1374",2,2,14.9038680710427,0
"1375",2,3,21.5483342324654,1
"1376",1,2,25.6356430458761,1
"1377",0,2,31.2571703267138,1
"1378",2,1,41.1867186606808,1
"1379",1,2,23.7617133088699,1
"1380",0,2,31.3003548398201,1
"1381",2,0,81.1679302200159,0
"1382",2,0,97.1895482891551,0
"1383",0,2,11.6980919361146,0
"1384",1,0,128.672374273899,0
"1385",1,1,42.7350740457396,1
"1386",0,3,10.2931177178098,1
"1387",1,1,52.0127100020463,1
"1388",2,0,126.189724688798,0
"1389",1,3,24.6323763482592,0
"1390",0,0,120.201479446539,1
"1391",1,3,-8.97875163839249,0
"1392",1,2,37.6340296004224,0
"1393",1,0,91.6813205310087,1
"1394",0,1,17.4506731860248,0
"1395",1,3,-8.04581232478905,0
"1396",2,1,47.2956656094351,0
"1397",2,1,25.1572089845332,0
"1398",1,0,73.5011707212197,0
"1399",2,1,53.0409782842431,0
"1400",1,0,93.1776340225313,1
"1401",2,2,18.1809115782533,0
"1402",0,1,82.9400602586702,0
"1403",2,0,89.5292344277633,1
"1404",1,5,1.29268327459977,0
"1405",1,1,25.0891167432761,0
"1406",2,2,39.6007284579352,1
"1407",0,4,20.4646677587409,0
"1408",2,2,56.9247671646795,1
"1409",0,0,79.9202930121401,1
"1410",2,1,58.8532678984859,0
"1411",2,2,50.1659571545506,1
"1412",1,0,93.3465423659633,1
"1413",2,3,4.78263569727526,0
"1414",0,0,112.635824954797,0
"1415",0,1,36.1292112586482,1
"1416",0,2,31.5031363409175,1
"1417",0,2,21.3810427835438,1
"1418",1,2,25.7601295073639,0
"1419",2,1,42.908160414837,0
"1420",0,3,5.25269149483437,1
"1421",1,0,118.352201712139,0
"1422",0,2,22.5782225711403,1
"1423",1,4,28.6754939371769,0
"1424",1,0,66.1635250287354,1
"1425",2,1,76.6145819456577,0
"1426",2,2,11.9352939036933,0
"1427",1,4,0.457314862767277,0
"1428",2,1,88.3465085509972,0
"1429",0,0,63.5022652571981,0
"1430",1,4,18.0814553088499,0
"1431",0,2,7.78356892200367,0
"1432",2,4,35.4735421909685,1
"1433",0,1,44.2353179947756,0
"1434",0,1,41.8485610749312,1
"1435",0,1,75.4944858772298,0
"1436",0,1,32.3184062939795,0
"1437",1,1,57.6807709434146,1
"1438",2,2,31.1319783671658,1
"1439",0,1,27.8806305063746,0
"1440",0,2,62.2256990309857,1
"1441",2,1,26.756903681727,1
"1442",2,1,101.312749843028,1
"1443",2,2,37.4632539323248,0
"1444",0,1,72.4109889367394,0
"1445",1,0,81.8810680667477,1
"1446",2,1,94.8891922180086,0
"1447",2,2,42.3337118636772,0
"1448",2,0,113.665725253614,0
"1449",0,4,2.19796797460465,1
"1450",0,1,55.8515460351596,1
"1451",0,3,39.8194655692077,0
"1452",0,4,38.4428524813878,1
"1453",0,1,43.8070762741679,1
"1454",0,0,94.9654411437229,0
"1455",0,1,27.9109450887823,1
"1456",2,1,19.5021619953519,1
"1457",0,3,77.2502263312241,1
"1458",0,1,92.9094257482986,1
"1459",0,2,45.3225140189936,0
"1460",0,3,60.3225676211994,0
"1461",2,3,28.8660096233749,1
"1462",0,2,3.64350540684724,1
"1463",0,4,35.2409487980519,0
"1464",1,1,25.3899691104607,1
"1465",2,0,129.709337431356,0
"1466",1,0,108.562340375687,1
"1467",1,4,27.2687144851183,1
"1468",0,5,21.0804462843289,1
"1469",2,6,26.8825038057533,0
"1470",1,1,106.030000089883,1
"1471",2,0,108.244253494366,0
"1472",2,3,-19.1369148675165,0
"1473",0,0,114.448147255026,1
"1474",0,2,40.3668636395709,1
"1475",2,1,56.1355369639279,0
"1476",0,1,28.548667067035,0
"1477",2,0,96.6810211922769,0
"1478",2,2,56.4937834401511,0
"1479",2,2,16.661895794097,1
"1480",0,1,72.3390070551036,1
"1481",0,2,-6.75887955711225,1
"1482",0,5,9.30409558842358,0
"1483",1,2,42.2099988436297,1
"1484",2,3,27.0221307927089,1
"1485",2,1,48.7692320674463,1
"1486",0,0,118.295340003884,0
"1487",0,1,70.0833204580387,0
"1488",0,2,25.4338006501373,0
"1489",1,3,9.9741176427983,1
"1490",2,1,11.1390295283114,1
"1491",2,2,47.6092709639506,1
"1492",2,1,58.9060139146822,1
"1493",0,1,43.1414034983676,0
"1494",1,3,26.4384707455959,0
"1495",1,0,125.078381235313,1
"1496",0,1,57.8551578510833,1
"1497",0,1,45.8129395239541,1
"1498",0,3,58.7243496570915,1
"1499",0,1,59.428940619433,1
"1500",1,2,24.3498503391866,0
"1501",0,1,60.2251796714718,0
"1502",0,3,58.9220044487557,1
"1503",0,1,67.3201344956709,0
"1504",1,2,42.7044680679396,0
"1505",2,0,85.3101951608424,0
"1506",0,1,35.0878155072615,0
"1507",0,1,51.0690475603782,1
"1508",0,4,-8.57063606399249,0
"1509",0,1,61.4132942946016,1
"1510",1,0,92.9572846726632,1
"1511",1,1,83.5843092562644,1
"1512",1,0,76.4828174538788,1
"1513",0,0,108.216074423733,1
"1514",1,2,35.8491319573498,0
"1515",0,1,71.1673671080703,1
"1516",0,5,-4.28710675886332,0
"1517",1,0,75.4456938577741,0
"1518",1,2,54.4089820314271,0
"1519",0,3,-3.36666862778706,1
"1520",0,3,18.8450359388223,1
"1521",0,1,49.7817731618674,0
"1522",1,2,28.0780385032163,0
"1523",2,2,19.2688347301574,0
"1524",0,1,41.7134525142415,1
"1525",1,2,44.7334466399884,0
"1526",0,2,30.0852092020871,0
"1527",0,3,32.4316894746848,0
"1528",1,3,21.330299393573,1
"1529",1,1,27.3809637969138,1
"1530",1,2,36.9494766499254,0
"1531",0,3,37.7669179063204,0
"1532",2,1,57.1609828530434,0
"1533",2,1,60.3858022621262,1
"1534",2,1,73.7046993940118,0
"1535",1,2,67.1763079291627,0
"1536",1,0,133.871269443398,0
"1537",0,2,68.9840843924095,1
"1538",2,2,59.4421668943214,0
"1539",2,2,43.7419452970937,1
"1540",1,0,63.323457254316,0
"1541",2,0,134.774663759451,0
"1542",1,1,49.1008337000092,0
"1543",0,0,94.9174096654037,1
"1544",0,2,37.4701362128118,1
"1545",2,2,31.8300996214296,1
"1546",1,0,103.608069859742,0
"1547",0,1,51.7846698391039,0
"1548",0,4,13.1382833928579,0
"1549",1,2,32.7063542326398,0
"1550",0,2,41.1433761478734,0
"1551",1,4,-2.34688508731347,0
"1552",1,2,66.732720694843,0
"1553",1,2,57.9722395122999,0
"1554",1,0,96.4113149485718,0
"1555",0,0,105.265473993769,0
"1556",1,3,53.4110592040301,1
"1557",1,2,42.2351738077557,0
"1558",0,2,45.3326376794428,0
"1559",0,0,116.811061892914,1
"1560",1,1,44.6384800727195,1
"1561",1,0,111.081033124848,0
"1562",1,5,32.1673574101463,0
"1563",0,1,57.8047414841995,0
"1564",1,1,12.8829595504537,0
"1565",0,4,27.2782590836378,0
"1566",2,2,45.2200132073105,1
"1567",2,2,32.5307202692055,0
"1568",1,2,45.0551086770977,0
"1569",1,2,11.2895643528118,0
"1570",0,1,86.9532861734071,0
"1571",1,3,24.3864494621126,0
"1572",0,2,9.53755237117336,0
"1573",0,0,66.7544780394071,1
"1574",0,4,21.8472169630974,0
"1575",1,0,96.0284988884777,0
"1576",1,2,16.4399215885863,0
"1577",2,2,10.2778849455932,1
"1578",1,2,28.3703218004923,0
"1579",1,0,119.378305263225,1
"1580",2,5,-0.617863925828015,0
"1581",0,3,14.3423035201093,0
"1582",1,1,25.0946560645671,1
"1583",0,0,105.203120134011,0
"1584",0,1,70.4183683603836,1
"1585",0,0,88.2624156436974,0
"1586",0,2,17.2505854032846,1
"1587",2,3,19.7801704946872,1
"1588",1,0,96.1244125715326,1
"1589",2,2,38.7355603131845,1
"1590",0,4,8.1386101894336,0
"1591",0,1,40.0932833128587,0
"1592",0,1,54.2134658316886,0
"1593",0,3,24.5338555783568,1
"1594",1,0,90.9489992007249,0
"1595",0,3,-14.2367970649562,0
"1596",0,2,38.7101271432736,0
"1597",2,2,31.6254235178048,1
"1598",2,2,15.722530608655,0
"1599",0,1,66.7385980393435,1
"1600",1,2,35.9539430238552,0
"1601",0,0,79.7204436653152,0
"1602",2,4,22.0812342572269,0
"1603",0,3,-36.0529552933457,1
"1604",0,2,25.7550592260553,0
"1605",1,1,74.2445381075953,1
"1606",2,2,48.0339617066995,1
"1607",1,4,31.0816476601165,0
"1608",1,2,64.907199766965,0
"1609",0,3,-3.0404081603557,0
"1610",2,2,34.8883401151833,0
"1611",1,3,22.3678737313074,0
"1612",0,1,39.6242836877322,1
"1613",1,3,-21.8457154976913,0
"1614",1,2,47.0683422875977,1
"1615",0,4,4.99434771781662,1
"1616",1,1,63.7136183665125,0
"1617",0,3,27.2200429032551,0
"1618",0,0,63.2350264401306,0
"1619",1,0,97.7788682459674,1
"1620",0,2,52.044357544443,0
"1621",0,1,28.0569393785394,0
"1622",0,3,38.6956167807398,0
"1623",0,1,54.8383499583782,0
"1624",0,1,59.6954254658514,0
"1625",2,3,20.6628976964466,1
"1626",2,0,105.315866352179,1
"1627",2,1,68.2618514150221,0
"1628",1,0,118.446582740093,0
"1629",1,2,32.012422648364,1
"1630",1,4,32.3192823412545,0
"1631",2,1,43.1305486616651,0
"1632",0,2,37.190731526647,1
"1633",1,4,0.428887368096134,1
"1634",2,4,56.8118640191053,1
"1635",0,0,143.78401745657,0
"1636",1,0,98.1100257101422,0
"1637",1,2,63.489479480692,0
"1638",2,2,42.664404555132,1
"1639",1,1,70.9697318022207,0
"1640",2,3,26.8022630031519,0
"1641",0,1,59.6343241932541,1
"1642",0,1,31.7684892126639,1
"1643",0,3,11.0753285463572,1
"1644",1,1,59.2322985549266,0
"1645",0,2,75.9679796807277,0
"1646",2,2,3.85837609574135,0
"1647",1,1,52.076416270159,0
"1648",0,3,19.3919597652362,1
"1649",2,0,86.4879601406315,0
"1650",0,2,23.8497574768185,0
"1651",0,2,44.1143751129636,1
"1652",0,1,61.0171530378874,1
"1653",0,1,44.7976223611902,0
"1654",1,2,59.5673859214121,0
"1655",0,3,25.9283170236233,0
"1656",0,4,24.4628467627071,1
"1657",1,3,31.447507705544,1
"1658",1,1,63.8831735375152,0
"1659",2,1,72.4831356582636,0
"1660",1,5,56.1266696545286,0
"1661",0,3,25.6778181145744,0
"1662",1,2,-18.5725434360226,1
"1663",0,1,43.0128131661236,1
"1664",0,2,24.5452939206557,1
"1665",0,0,115.897077123934,0
"1666",0,3,49.417129313583,0
"1667",0,1,70.2842952882673,0
"1668",1,1,96.7669871441864,1
"1669",2,2,52.0505792760295,1
"1670",2,1,61.43536222063,0
"1671",0,2,23.224706603084,1
"1672",0,1,63.4059191632078,0
"1673",0,0,115.464610783916,0
"1674",0,2,69.7839280390928,1
"1675",1,1,100.503536364613,0
"1676",1,0,123.593310339029,1
"1677",2,1,41.9896953696295,0
"1678",2,2,24.1178957645919,0
"1679",1,4,-10.0885463620433,1
"1680",1,1,54.7242358003216,0
"1681",1,2,47.160682459925,1
"1682",0,3,1.11936866786202,0
"1683",0,0,98.5849844370282,1
"1684",1,0,95.1970418523629,0
"1685",2,2,11.0591484183816,0
"1686",0,3,34.7815044895166,0
"1687",0,0,79.0776906337562,0
"1688",0,1,24.6024587255922,0
"1689",0,2,93.7893827570373,1
"1690",0,4,34.0731649804723,0
"1691",1,1,56.6689825572453,1
"1692",1,3,26.9174461713793,0
"1693",1,0,125.178637889781,0
"1694",1,0,98.3798618804971,0
"1695",2,2,40.4067290469222,0
"1696",1,3,42.3185557595117,1
"1697",0,3,11.4851988165464,1
"1698",2,2,5.17962687750176,0
"1699",2,3,27.6250211327405,1
"1700",1,1,60.9888876470132,1
"1701",0,1,29.1527750069826,0
"1702",2,4,58.5895218280168,0
"1703",0,5,22.1012492652146,1
"1704",0,3,30.3314482637014,1
"1705",0,2,59.740555773144,1
"1706",1,1,70.1213500376849,0
"1707",1,2,22.8326610853908,1
"1708",1,1,57.7228872735381,0
"1709",1,1,64.5026404604994,1
"1710",0,1,67.3905247979202,1
"1711",0,2,57.945839685894,0
"1712",1,2,43.0109673773446,1
"1713",0,1,41.6069840499122,0
"1714",2,1,19.3164950151885,1
"1715",2,3,25.4410712281478,1
"1716",0,0,85.4322344578467,1
"1717",0,0,123.835284469067,0
"1718",0,0,122.645469986592,1
"1719",2,4,21.3991721899444,1
"1720",0,4,42.1349569988215,0
"1721",2,0,46.4096088547493,1
"1722",0,2,35.5280253701055,1
"1723",0,0,64.9172860314172,0
"1724",2,2,52.2167531769204,1
"1725",0,1,70.4029996754648,1
"1726",0,2,52.0479456956833,1
"1727",0,3,-0.822304576800342,0
"1728",0,1,60.5015433451475,0
"1729",0,2,38.3724129188989,1
"1730",1,2,-0.403130538684955,1
"1731",1,1,17.1073402241141,0
"1732",1,2,14.0088175479851,0
"1733",0,2,50.4679586227984,0
"1734",2,3,51.3920931265605,0
"1735",0,2,31.7744612295846,0
"1736",0,1,62.470788764213,1
"1737",1,3,27.3220023585349,1
"1738",1,2,64.3510589684926,1
"1739",0,1,24.2139461291267,0
"1740",2,0,99.689196324328,1
"1741",0,0,97.8758273014349,1
"1742",0,2,41.8833567641305,0
"1743",2,3,39.3077247127618,1
"1744",2,3,27.8621260466422,0
"1745",0,1,39.0984243590987,0
"1746",0,3,11.526565334652,1
"1747",0,4,1.63181492693564,1
"1748",1,3,7.999077736204,0
"1749",1,3,16.5929742490638,1
"1750",0,3,2.55341376492874,0
"1751",0,3,32.32622173232,0
"1752",1,0,116.070612435092,0
"1753",0,2,29.1283100031037,1
"1754",1,5,46.5320595875624,0
"1755",0,2,22.0311027366298,1
"1756",0,2,49.7093838529393,0
"1757",1,1,22.2417947017061,1
"1758",2,4,38.2267499622618,1
"1759",1,1,66.3220587617817,1
"1760",0,2,0.57702945136036,0
"1761",0,2,21.3186559755647,1
"1762",2,0,95.1613384516068,1
"1763",1,2,10.5890898373317,0
"1764",1,2,18.9880050673893,0
"1765",1,0,99.7541878594647,0
"1766",0,1,72.9906735065305,0
"1767",2,1,33.620450207144,0
"1768",2,4,32.0999212264801,1
"1769",0,0,111.267680769633,0
"1770",2,2,38.2271166442304,0
"1771",0,2,42.5531492999856,0
"1772",0,2,26.6984240917575,1
"1773",0,1,76.2698114901874,0
"1774",1,1,61.4571137551401,0
"1775",2,4,-5.21236612988196,1
"1776",0,3,40.4356416754162,1
"1777",1,3,15.1504219619047,1
"1778",2,1,90.9369652405566,0
"1779",0,2,53.8466046137873,0
"1780",1,2,19.3064063153881,0
"1781",0,1,42.0994248856895,1
"1782",0,4,8.68348471454926,0
"1783",1,2,35.9099018900513,0
"1784",1,1,37.2573906827974,0
"1785",0,3,1.38892919628043,0
"1786",2,3,2.62424015465061,1
"1787",2,4,-7.70463059888574,0
"1788",1,3,59.7234263398114,0
"1789",1,0,103.49882281445,1
"1790",0,1,75.0179671949634,1
"1791",2,2,41.5245992977518,0
"1792",0,1,69.2218112364765,1
"1793",1,2,36.3864232057061,0
"1794",0,4,-4.04198898504409,1
"1795",1,2,58.3486209406241,0
"1796",1,1,70.1403861303739,0
"1797",2,0,100.540117113254,1
"1798",2,3,27.7206424694339,1
"1799",0,2,-7.39777892425451,1
"1800",1,2,39.2618500867896,0
"1801",0,2,66.6655429056328,1
"1802",0,1,47.5406937978513,0
"1803",2,1,72.1665046366792,0
"1804",0,1,11.1797019115465,0
"1805",0,3,12.3258002877109,1
"1806",1,3,20.3349576893196,0
"1807",0,1,82.9126448911086,1
"1808",1,4,8.59528671903802,0
"1809",0,2,19.2394918812948,1
"1810",1,2,42.9063419146539,1
"1811",1,0,114.304962071581,1
"1812",0,3,39.4903692047257,1
"1813",2,1,40.1516106449509,0
"1814",1,2,36.9514844725957,0
"1815",2,4,6.75002993992336,1
"1816",0,2,26.2629703069636,1
"1817",1,2,1.95405351673004,1
"1818",1,2,8.40051809409317,1
"1819",1,1,33.2719634291984,1
"1820",0,2,24.8167029526585,1
"1821",0,2,37.7953424395436,1
"1822",2,1,42.5531776395151,1
"1823",1,0,84.0915413079137,1
"1824",1,2,41.1686894593304,1
"1825",0,1,34.8261515306924,0
"1826",0,0,70.4642526664347,0
"1827",1,1,23.0474943970766,1
"1828",0,1,11.1985453360487,1
"1829",2,1,48.4074091169805,1
"1830",1,0,87.2610734409886,0
"1831",0,1,60.4467700780597,0
"1832",1,1,27.1472144696827,1
"1833",2,1,55.5769815419182,0
"1834",0,3,25.994471129128,0
"1835",0,2,38.5027658026386,1
"1836",2,2,70.650598513916,0
"1837",0,1,34.6363874989833,0
"1838",1,4,39.3896078568597,1
"1839",1,1,58.1829506708539,0
"1840",1,1,55.834539839658,1
"1841",0,2,40.3861225558424,1
"1842",1,3,49.3047438507582,0
"1843",1,1,36.287200746721,0
"1844",0,1,74.5152471195298,0
"1845",1,2,-2.59279675727171,1
"1846",0,1,11.712003293567,1
"1847",2,1,70.8852197637476,1
"1848",1,3,-4.63835924203952,1
"1849",0,1,62.5455782139702,1
"1850",2,3,51.8787779941852,1
"1851",1,1,74.9909253105584,1
"1852",0,2,23.6189759366734,1
"1853",0,1,97.8110632526956,0
"1854",1,2,17.7393190881912,1
"1855",2,3,40.9981038569549,0
"1856",1,3,57.7976088108108,1
"1857",1,1,40.0263167091468,0
"1858",1,3,32.6518821224328,0
"1859",1,2,3.60763088895325,0
"1860",0,1,26.8456174222459,1
"1861",1,3,39.1488547628956,1
"1862",0,2,48.087595029955,1
"1863",0,0,109.972506271994,0
"1864",1,3,35.5729683027387,0
"1865",2,0,86.850912597765,1
"1866",2,1,15.3950214688349,0
"1867",0,1,90.6209146496246,0
"1868",1,4,12.1270669632307,0
"1869",1,1,24.8965983976177,0
"1870",1,2,37.601815226852,1
"1871",2,3,-0.292769660057022,0
"1872",0,1,74.760700513513,0
"1873",2,0,64.0729226482843,0
"1874",1,1,29.3411210529269,0
"1875",0,2,6.43380452906116,0
"1876",0,3,3.38263954698292,0
"1877",2,0,114.440385893932,1
"1878",0,3,58.4197122711384,1
"1879",0,0,119.872124058897,1
"1880",1,1,55.3195057827977,0
"1881",0,1,70.1567017201542,0
"1882",2,1,68.5399582059635,1
"1883",2,1,61.5212623090598,0
"1884",0,0,109.347600302472,0
"1885",1,4,10.9847006200617,1
"1886",0,2,9.67520748263503,0
"1887",1,4,-14.2031192901231,1
"1888",1,3,36.5551160435942,1
"1889",0,3,18.7633644309306,0
"1890",2,2,41.5683130810127,1
"1891",1,3,21.808970439776,0
"1892",0,3,35.9790984946445,0
"1893",1,4,2.54797090389787,0
"1894",2,2,22.7470391825043,0
"1895",0,1,16.0304688907807,0
"1896",0,1,69.6047796592134,0
"1897",0,0,136.114796034239,0
"1898",2,0,99.3016212777427,0
"1899",2,2,24.5611709696748,1
"1900",1,3,23.0540083103897,0
"1901",0,1,116.172843484507,0
"1902",0,0,100.351660204604,1
"1903",0,0,78.2650617218579,1
"1904",1,4,42.2160566539145,0
"1905",1,3,20.2647770730453,0
"1906",0,2,38.8209365171571,0
"1907",1,1,40.8623866137692,0
"1908",1,0,125.822233549952,1
"1909",0,2,56.9515957334779,0
"1910",2,5,22.9086327826864,1
"1911",2,2,22.5325283776738,0
"1912",2,2,51.6989267235493,1
"1913",1,1,69.3157350044414,1
"1914",0,1,70.3011732668045,0
"1915",0,0,74.4776451500003,0
"1916",1,1,53.1393824790368,1
"1917",1,2,27.0704879663254,0
"1918",2,2,18.0859726643859,0
"1919",2,4,25.2899522850309,1
"1920",2,2,22.962694999685,0
"1921",1,3,18.7975341350889,0
"1922",0,2,20.8553526897252,0
"1923",0,1,66.3897778798374,1
"1924",1,2,39.7226012217181,0
"1925",0,1,87.1106024957245,0
"1926",2,3,32.5603907699019,0
"1927",1,1,43.1574970345592,0
"1928",2,1,77.8334182684991,0
"1929",1,1,86.2083799891403,0
"1930",2,3,-20.349163818055,0
"1931",2,1,40.5396512556409,0
"1932",1,0,89.7212297326019,0
"1933",0,2,15.8597882820671,0
"1934",1,0,90.150438382653,0
"1935",1,0,81.1581432140484,1
"1936",2,1,67.9945749982036,0
"1937",2,1,71.2937192284773,1
"1938",0,3,33.4306486183556,0
"1939",1,0,105.793345049885,0
"1940",0,5,0.578814394350072,0
"1941",2,2,39.2642310711572,0
"1942",0,2,25.3966618688469,0
"1943",1,2,44.9586926395839,0
"1944",1,2,37.5002778157018,1
"1945",1,2,27.4926738686407,0
"1946",0,1,20.0387806011305,1
"1947",1,0,133.026016584884,1
"1948",2,2,42.0890384527764,1
"1949",0,3,49.6932119333783,0
"1950",2,1,39.816136850193,0
"1951",0,0,91.0473069758296,1
"1952",0,4,26.4476710367252,1
"1953",2,5,1.44184050247041,1
"1954",0,3,13.5365903306326,0
"1955",0,1,51.4539840338274,1
"1956",1,1,65.6833097190145,0
"1957",2,3,21.0788908341434,0
"1958",0,4,-1.39531215605363,0
"1959",2,2,10.0050615607813,1
"1960",0,2,6.99915043194414,0
"1961",0,1,83.9700548455214,1
"1962",2,2,37.6815200336952,1
"1963",0,2,36.5133027425085,0
"1964",0,1,45.845923693007,0
"1965",0,1,68.8323755690497,0
"1966",0,2,20.1160333658226,0
"1967",1,2,37.6700016553891,1
"1968",0,1,35.5241189967179,0
"1969",0,0,85.9654990254436,1
"1970",0,2,7.63149250417722,0
"1971",1,2,60.4554919877424,1
"1972",1,2,42.5938417787993,1
"1973",0,0,143.579806413617,0
"1974",2,0,130.850390561167,0
"1975",2,3,16.9682807265635,0
"1976",0,2,4.28796759162423,0
"1977",2,1,59.6589615252014,0
"1978",1,1,37.6695790868965,0
"1979",1,2,18.6161406029766,1
"1980",2,0,129.5077928035,1
"1981",1,0,113.366251788933,1
"1982",0,1,48.6108278050953,1
"1983",2,0,81.8830744503653,1
"1984",1,0,86.9751998325686,0
"1985",0,4,15.4266020366655,1
"1986",0,0,88.7171997069719,0
"1987",1,3,9.4958389833874,0
"1988",2,1,9.42692309240983,0
"1989",1,0,103.250262272096,0
"1990",2,2,68.6190113527026,0
"1991",1,1,25.8037843342625,1
"1992",1,0,88.1865493530916,0
"1993",1,1,52.4115614423655,0
"1994",2,1,37.2285513507646,1
"1995",2,2,29.4852234915709,1
"1996",0,2,-7.79837211136083,1
"1997",2,0,80.1805128232031,1
"1998",2,3,2.03376688320018,0
"1999",2,1,66.3272512686005,1
"2000",1,0,103.88184430501,1
